folder,favorite,type,name,notes,fields,reprompt,login_uri,login_username,login_password,login_totp
,,login,192.168.1.1,,,0,https://192.168.1.1/,admin,K7904798,
,,login,2022.spaceappschallenge.org,,,0,https://2022.spaceappschallenge.org/,moehassan,AlicePerres123,
,,login,abwaab.me,,,0,https://abwaab.me/ar/signin,promo7amed0@gmail.com,momototo6832,
,,login,account.live.com,,,0,https://account.live.com/ResetPassword.aspx,hassanmo,ZXCVBNMzxcvbnm@1234/,
,,login,account.live.com,,,0,https://account.live.com/ResetPassword.aspx,moehassan6832@gmail.com,Aliceperres!,
,,login,account.mobalytics.gg,,,0,https://account.mobalytics.gg/connect-moba-account,promo7amed0@gmail.com,momo123toto6832,
,,login,account.roomsketcher.com,,,0,https://account.roomsketcher.com/user/add/,moehassan6832@gmail.com,momo123toto6832,
,,login,account.xiaomi.com,,,0,android://g7zGEnZipieE6ZyBA4Bz00kxU8h0F9QTwPLL-dnRVwngI0FJWJiD3rCEJsIQ_VK064SNdxzqggnnnAqT8LI89A==@com.xiaomi.account/,1152635558,momo123toto6832,
,,login,account.xiaomi.com,,,0,https://account.xiaomi.com/fe/service/login/password,moehassan6832@gmail.com,Aliceperres!,
,,login,account.xiaomi.com,,,0,android://g7zGEnZipieE6ZyBA4Bz00kxU8h0F9QTwPLL-dnRVwngI0FJWJiD3rCEJsIQ_VK064SNdxzqggnnnAqT8LI89A==@com.xiaomi.account/,moehassan6832@gmail.com,momo123toto6832,
,,login,accounts.firefox.com,,,0,https://accounts.firefox.com,mdhm6832@gmail.com,TqJJm9ybQKggNbC,
,,login,accounts.firefox.com,,,0,https://accounts.firefox.com,mdhn6832@gmail.com,AlicePerres123,
,,login,accounts.google.com,,,0,https://accounts.google.com,FatheiaEsmail@gmail.com,AlicePerres123,
,,login,accounts.google.com,,,0,https://accounts.google.com/,gyoussefgaming@gmail.com,youssefyyy6832,
,,login,accounts.google.com,,,0,https://accounts.google.com/signup/v2/webcreateaccount,hassanafify123@hotmail.com,"zxcvbnm,./123",
,,login,accounts.google.com,,,0,https://accounts.google.com,mdhn6832@gmail.com,AlicePerres123,
,,login,accounts.google.com,,,0,https://accounts.google.com,mo.hassan.dev@gmail.com,momo123toto6832,
,,login,accounts.google.com,,,0,https://accounts.google.com/signin/v2/challenge/pwd,moehas44@gmail.com,momo123toto6832,
,,login,accounts.google.com,,,0,https://accounts.google.com/signin/v2/challenge/pwd,moehassan243@gmail.com,momo123toto6832,
,,login,accounts.google.com,,,0,https://accounts.google.com,moehassan6832@gmail.com,AlicePerres123,
,,login,accounts.google.com,,,0,https://accounts.google.com/signin/v2/challenge/pwd,moehassan6832@gmail.com,AlicePerres123,
,,login,accounts.google.com,,,0,https://accounts.google.com/SignUp,mohamedhassan6832,momototo6832,
,,login,accounts.google.com,,,0,https://accounts.google.com/signin/v2/challenge/pwd,mohamedhasssan@gmail.com,totomomo6832,
,,login,accounts.google.com,,,0,https://accounts.google.com/,mohamedhasssan000@gmail.com,momo.toto6832?,
,,login,accounts.google.com,,,0,https://accounts.google.com/SignUp,mohassan59590,momo123toto6832,
,,login,accounts.google.com,,,0,https://accounts.google.com,promo7amed0@gmail.com,momototo6832,
,,login,accounts.google.com,,,0,https://accounts.google.com/signin/v2/challenge/pwd,promo7amed0@gmail.com,momototo6832,
,,login,accounts.google.com,,,0,https://accounts.google.com/,promo7amed0@gmail.com,momototo6832,
,,login,accounts.google.com,,,0,https://accounts.google.com/signin/challenge/pwd/3,promo7amed0@gmail.com,momototo6832,
,,login,accounts.google.com,,,0,https://accounts.google.com/SignUp,promo7amed05,momo123toto6832,
,,login,accounts.google.com,,,0,https://accounts.google.com/signin/v2/challenge/pwd,promo7amed6832@gmail.com,momo123toto6832,
,,login,accounts.google.com,,,0,https://accounts.google.com/signin/oauth/identifier,promohamed6832@gmail.com,momo123toto6832,
,,login,accounts.google.com,,,0,https://accounts.google.com,webdev.zeus.project@gmail.com,U43nBL4PyjHwWHU,
,,login,accounts.google.com,,,0,https://accounts.google.com/,yyoussif2007@gmail.com,originalproes2007,
,,login,accounts.mobalytics.gg,,,0,https://accounts.mobalytics.gg/auth,promo7amed0@gmail.com,momo123toto6832,
,,login,accounts.reddit.com,,,0,https://accounts.reddit.com/resetpassword/-tEs-cVZqBtplYbXQRGpyL-fOR8,,K?vgFv5b*(HzyAe,
,,login,accounts.snapchat.com,,,0,https://accounts.snapchat.com/accounts/login,moehassan6832@gmail.com,toto6832momo123,
,,login,accounts.spotify.com,,,0,https://accounts.spotify.com/en/login,moehassan6832@gmail.com,momo123toto6832,
,,login,accounts.spotify.com,,,0,https://accounts.spotify.com,moehassan6832@gmail.com,momo123toto6832,
,,login,allegis.agilehr.com,,,0,https://allegis.agilehr.com/Application/Login.aspx,moehassan6832@gmail.com,VSeM5&84$n2yTa4,
,,login,android.instagram.com,,,0,android://qbMQCZh-CU_SBn04UFat_bLMSicoFKWYI0MzXmOdBklD5gJcvH42kD8GXA5lvZmtq1ON0Dd8FAT6SLUIlwNUqA==@com.instagram.android/,moehassan6832@gmail.com,x4@4$!A27azgnEr,
,,login,android.instagram.com,,,0,android://qbMQCZh-CU_SBn04UFat_bLMSicoFKWYI0MzXmOdBklD5gJcvH42kD8GXA5lvZmtq1ON0Dd8FAT6SLUIlwNUqA==@com.instagram.android/,youssef KL,k9A@9EZmvvs6zWW,
,,login,android.mb.com,,,0,android://hIbDT2OtIPAdaYm7EMFaLczw64s319kNCrWev82heWex6FilCjXfArbIdOVAAvNhbMteVUFojx5TpCqS4XTSQA==@com.mb.android/,Mohamed,12345,
,,login,android.mb.com,,,0,android://hIbDT2OtIPAdaYm7EMFaLczw64s319kNCrWev82heWex6FilCjXfArbIdOVAAvNhbMteVUFojx5TpCqS4XTSQA==@com.mb.android/,Mohamed Hassan,1234,
,,login,android.remojo.app,,,0,android://r1ex4sY1Jdv4pia39E87EkosJhrMdjJltZdpx7ox2Bi-UyyHSP4fMprnGMbAyOPgRf3f-80YVGhoG843CfDFVg==@app.remojo.android/,moehassan6832@gmail.com,G_AmS0SqORVpX8t,
,,login,android.rescuetime.com,,,0,android://v4LXromGCpPvPvcFCNTSC94R6yx7Th5LO3JJSLAorSmTcZ70EximIj9PFNZX60r81u9UoXzrj7XghEoOELuMKA==@com.rescuetime.android/,moehassan6832@gmail.com,momo123roto6832,
,,login,android.snapchat.com,,,0,android://rx1M7HNclOtlTbka8IqBM_RA-PPzS-htzHtHBJQcOM2oNQSOsZxZF1j1MPteckITXrJ7xKh6mEC2HmKZpBwBrg==@com.snapchat.android/,moehassan6832,momo123toto6832,
,,login,android.snapchat.com,,,0,android://rx1M7HNclOtlTbka8IqBM_RA-PPzS-htzHtHBJQcOM2oNQSOsZxZF1j1MPteckITXrJ7xKh6mEC2HmKZpBwBrg==@com.snapchat.android/,xyoussef_2737x,CH!l80Y5S_fCW_o,
,,login,app.android.twitch.tv,,,0,android://dKranQB7c5H2WKHJF5rygyRh5-vrf7ZVODNX_XoJgJ5YncxgwK7vbH1kZrYCLmv68MEawe5nFA-sfKQk9mrbFQ==@tv.twitch.android.app/,randomuser6832,momo123toto6832,
,,login,app.remojo.android,,,0,android://r1ex4sY1Jdv4pia39E87EkosJhrMdjJltZdpx7ox2Bi-UyyHSP4fMprnGMbAyOPgRf3f-80YVGhoG843CfDFVg==@app.remojo.android/,moehassan6832@gmail.com,G_AmS0SqORVpX8t,
,,login,ar-ar.facebook.com,,,0,https://ar-ar.facebook.com/,youssefhassan6832@yahoo.com,youssefhassan###123456789,
,,login,auth.riotgames.com,,,0,https://auth.riotgames.com/login,MODHAS123,momo123toto6832,
,,login,auth.riotgames.com,,,0,https://auth.riotgames.com/login,modhas123,momo123toto6832,
,,login,auth.riotgames.com,,,0,https://auth.riotgames.com/login,ProMo7amed6832,momo123toto6832,
,,login,auth.riotgames.com,,,0,https://auth.riotgames.com/login,promo7amed6832,momo123toto6832,
,,login,auth.riotgames.com,,,0,https://auth.riotgames.com/,Promo7amed6832,momo123toto6832,
,,login,auth.udacity.com,,,0,https://auth.udacity.com/sign-in,mdhn6832@gmail.com,AlicePerres123,
,,login,auth.udacity.com,,,0,https://auth.udacity.com/sign-in,moehassan243@gmail.com,momo123toto6832,
,,login,auth.udacity.com,,,0,https://auth.udacity.com/sign-up,mohamed hassan,momo123toto6832,
,,login,auth0.openai.com,,,0,https://auth0.openai.com/u/signup/password,mdhn6832@gmail.com,AlicePerres123,
,,login,authenticate.riotgames.com,,,0,https://authenticate.riotgames.com/,MODHAS123,momo123toto6832,
,,login,authenticate.riotgames.com,,,0,https://authenticate.riotgames.com/,PROMOHAMED6832,momo123toto6832,
,,login,authn.edx.org,,,0,https://authn.edx.org/login,mdhn6832@gmail.com,C4uW.UnQtDY2inh,
,,login,billing.te.eg,,,0,https://billing.te.eg/en-US/Login/ForgetPassword,dZjmOAfv,*TFYkcV7kLBKpBF,
,,login,billing.te.eg,,,0,https://billing.te.eg/en-US/Login,hassanafify123@hotmail.com,*TFYkcV7kLBKpBF,
,,login,btech.com,,,0,https://btech.com,mdhn6832@gmail.com,AlicePerres123@,
,,login,btechapp.com,,,0,android://cMZdoUNiiUUWiTNmBLI0q2cyQ1mehaH-2VYY6DTAg0Bs2DNqN_rwDdDUKRcgYstTp4mWrSYA7_wM3xPBr56_5g==@com.btechapp/,+201 1 5263 5558,Lys_2c30aopJoov,
,,login,btechapp.com,,,0,android://cMZdoUNiiUUWiTNmBLI0q2cyQ1mehaH-2VYY6DTAg0Bs2DNqN_rwDdDUKRcgYstTp4mWrSYA7_wM3xPBr56_5g==@com.btechapp/,moehassan6832@gmail.com,Lys_2c30aopJoov,
,,login,buildingai.elementsofai.com,,,0,https://buildingai.elementsofai.com/signup,moehassan6832@gmail.com,momototo6832,
,,login,cairobookfair.gebo.gov.eg,,,0,https://cairobookfair.gebo.gov.eg/,mohamed,y#-Jy/t9e5Gm*Dh,
,,login,cairobookfair.gebo.gov.eg,,,0,https://cairobookfair.gebo.gov.eg/,محمد,momo123toto6832,
,,login,cairobookfair.gebo.gov.eg,,,0,https://cairobookfair.gebo.gov.eg/home,يوسف,momototo6832,
,,login,career5.successfactors.eu,,,0,https://career5.successfactors.eu/career,moehassan6832@gmail.com,@KkUw3dqwfV_Rmm,
,,login,cibeg.taleo.net,,,0,https://cibeg.taleo.net/careersection/iam/accessmanagement/changePassword.jsf,,3q$CyjDsaRMRK.v,
,,login,cnx.wd1.myworkdayjobs.com,,,0,https://cnx.wd1.myworkdayjobs.com/en-US/external_global/login,mdhn6832@gmail.com,x2Ab!TvaAzT9Ptw,
,,login,codeforces.com,,,0,https://codeforces.com,mdhn6832@gmail.com,QKFhNT3muLyu37u,
,,login,codeforces.com,,,0,https://codeforces.com/register,Nouraldlalcr7@gmail.com,B5Vyq9rPQv/iG.=,
,,login,codeforces.com,,,0,https://codeforces.com/register,Nouraldlalxr7@gmail.com,7N-6*qSLK6i$3cX,
,,login,codeforces.com,,,0,https://codeforces.com/register,noureladlcr7@gmail.com,cSRKZX/YCvut98H,
,,login,codeforces.com,,,0,https://codeforces.com/register,promo7amed0@gmail.com,cB&Ef!qj5mkDg=S,
,,login,codeforces.com,,,0,https://codeforces.com/register,Youssefh2737@gmail.com,AlicePerres123,
,,login,codeforces.com,,,0,https://codeforces.com/register,youssefkhaledums@gmail.com,Re7CmZFPz/9Btsm,
,,login,coderbyte.com,,,0,https://coderbyte.com/sl,mdhn6832@gmail.com,LH7wnXvcWVkZNDN,
,,login,cointiply.com,,,0,https://cointiply.com/register,,7JRLe5kv/JgrE7U,
,,login,cointiply.com,,,0,https://cointiply.com/register,moehassan6832@gmail.com,3VsY7Z2ia$AQx-z,
,,login,com.appen.mobile.global,,,0,android://YZld2fjuH6IzsN4RYAYhqApwmdVuwBkDosttjqShdD9w0lGt5blm0nnUICl9W7Ncs9vSHdGWCFpw8SkPpXlUpA==@com.appen.mobile.global/,mdhn6832@gmail.com,d_Ee+9DnJ7Dwzzm,
,,login,com.appen.mobile.global,,,0,android://YZld2fjuH6IzsN4RYAYhqApwmdVuwBkDosttjqShdD9w0lGt5blm0nnUICl9W7Ncs9vSHdGWCFpw8SkPpXlUpA==@com.appen.mobile.global/,MDHN6832@gmail.com,d_Ee+9DnJ7Dwzzm,
,,login,com.btechapp,,,0,android://cMZdoUNiiUUWiTNmBLI0q2cyQ1mehaH-2VYY6DTAg0Bs2DNqN_rwDdDUKRcgYstTp4mWrSYA7_wM3xPBr56_5g==@com.btechapp/,+201 1 5263 5558,Lys_2c30aopJoov,
,,login,com.btechapp,,,0,android://cMZdoUNiiUUWiTNmBLI0q2cyQ1mehaH-2VYY6DTAg0Bs2DNqN_rwDdDUKRcgYstTp4mWrSYA7_wM3xPBr56_5g==@com.btechapp/,moehassan6832@gmail.com,Lys_2c30aopJoov,
,,login,com.efinance.deltamobilepay,,,0,android://upo7Dpxw1XXAYpDLeS-mdXbIDI9Yb-mP7G72uYWS84HS1fsZlfBgNXoeh0KdiAcY_Em0rJp-9VRa4jV1bZubtQ==@com.efinance.deltamobilepay/,mdhn6832@gmail.com,E@Jg@u1M29lur@r,
,,login,com.emeint.android.myservices,,,0,android://rxBiaQvAoo69D26I22HxqarYLWhKUCjDmWhCDYnw9O-_jbTblx1gR69COCxpz3RY6XyxUU_xGRgrK2A-lhuhuQ==@com.emeint.android.myservices/,01012285773,momo123toto6832,
,,login,com.facebook.katana,,,0,android://zQxb6hXv1MJiC1Yyotdhi8HP-y7fwPcOLwPOWTwWKpP2VXcbsuIiI4iJ1KV0Dz3LzVsUuKJmYCBIUAxnsPB9FA==@com.facebook.katana/,AEb4eqvOa3hp!8R,AEb4eqvOa3hp!8R,
,,login,com.facebook.orca,,,0,android://zQxb6hXv1MJiC1Yyotdhi8HP-y7fwPcOLwPOWTwWKpP2VXcbsuIiI4iJ1KV0Dz3LzVsUuKJmYCBIUAxnsPB9FA==@com.facebook.orca/,moehassan6832@gmail.com,AlicePerres123,
,,login,com.fusionprojects.edmodo,,,0,android://wLWdWCGB19J-0TMPNVO7aglKHPEvOXiXXOxzitPezzfREMAftoZW4KCUwfMdJ9fLDH8o5Eza-N8XeXkzd07kvg==@com.fusionprojects.edmodo/,mar465950167,momo123toto6832,
,,login,com.fusionprojects.edmodo,,,0,android://wLWdWCGB19J-0TMPNVO7aglKHPEvOXiXXOxzitPezzfREMAftoZW4KCUwfMdJ9fLDH8o5Eza-N8XeXkzd07kvg==@com.fusionprojects.edmodo/,moe446758746,momo123toto6832,
,,login,com.fusionprojects.edmodo,,,0,android://wLWdWCGB19J-0TMPNVO7aglKHPEvOXiXXOxzitPezzfREMAftoZW4KCUwfMdJ9fLDH8o5Eza-N8XeXkzd07kvg==@com.fusionprojects.edmodo/,moe455309805,momo123toto6832,
,,login,com.fusionprojects.edmodo,,,0,android://wLWdWCGB19J-0TMPNVO7aglKHPEvOXiXXOxzitPezzfREMAftoZW4KCUwfMdJ9fLDH8o5Eza-N8XeXkzd07kvg==@com.fusionprojects.edmodo/,moe465950167,momo123toto6832,
,,login,com.healthyminds,,,0,android://mlqK0bb1uI7quVoVSg-Jt6nMeDJ5Uez-lU1GS3VVQxl0PhiPQxnYWiv1aPvJPfTzVn-cSVTdGVf_cIJ8fwmWHg==@com.healthyminds/,moehassan6832@gmail.com,N980--J$lC0z7eb,
,,login,com.instagram.android,,,0,android://qbMQCZh-CU_SBn04UFat_bLMSicoFKWYI0MzXmOdBklD5gJcvH42kD8GXA5lvZmtq1ON0Dd8FAT6SLUIlwNUqA==@com.instagram.android/,moehassan6832@gmail.com,x4@4$!A27azgnEr,
,,login,com.instagram.android,,,0,android://qbMQCZh-CU_SBn04UFat_bLMSicoFKWYI0MzXmOdBklD5gJcvH42kD8GXA5lvZmtq1ON0Dd8FAT6SLUIlwNUqA==@com.instagram.android/,youssef KL,k9A@9EZmvvs6zWW,
,,login,com.mb.android,,,0,android://hIbDT2OtIPAdaYm7EMFaLczw64s319kNCrWev82heWex6FilCjXfArbIdOVAAvNhbMteVUFojx5TpCqS4XTSQA==@com.mb.android/,Mohamed,12345,
,,login,com.mb.android,,,0,android://hIbDT2OtIPAdaYm7EMFaLczw64s319kNCrWev82heWex6FilCjXfArbIdOVAAvNhbMteVUFojx5TpCqS4XTSQA==@com.mb.android/,Mohamed,1234,
,,login,com.mb.android,,,0,android://hIbDT2OtIPAdaYm7EMFaLczw64s319kNCrWev82heWex6FilCjXfArbIdOVAAvNhbMteVUFojx5TpCqS4XTSQA==@com.mb.android/,Mohamed Hassan,1234,
,,login,com.rescuetime.android,,,0,android://v4LXromGCpPvPvcFCNTSC94R6yx7Th5LO3JJSLAorSmTcZ70EximIj9PFNZX60r81u9UoXzrj7XghEoOELuMKA==@com.rescuetime.android/,moehassan6832@gmail.com,momo123roto6832,
,,login,com.runtastic.android.results.lite,,,0,android://OueXWS69sQ0dVEPQblyWg7gLBlVGVfNPoJFzuwZEo70w6tjNXJ2sipKX5md-RHGFvJ8hJYfKegMKw54YJCl0vw==@com.runtastic.android.results.lite/,mdhn6832@gmail.com,,
,,login,com.sixtostart.zombiesrunclient,,,0,android://QRTpk_U5ZwilVuNxkZ5TRK1TpAOIJK9PngWthTJ44Yn7B3w3W1XArcq9fzd_287CyNEHYc6Q3pyejhSijik1mQ==@com.sixtostart.zombiesrunclient/,moh,momo123toto6832,
,,login,com.snapchat.android,,,0,android://rx1M7HNclOtlTbka8IqBM_RA-PPzS-htzHtHBJQcOM2oNQSOsZxZF1j1MPteckITXrJ7xKh6mEC2HmKZpBwBrg==@com.snapchat.android/,moehassan6832,momo123toto6832,
,,login,com.snapchat.android,,,0,android://rx1M7HNclOtlTbka8IqBM_RA-PPzS-htzHtHBJQcOM2oNQSOsZxZF1j1MPteckITXrJ7xKh6mEC2HmKZpBwBrg==@com.snapchat.android/,xyoussef_2737x,CH!l80Y5S_fCW_o,
,,login,com.spotify.music,,,0,android://xjy65zYgHXTtYOC6HyUtWYKC_qHWTbDuIwoegP7ywOJe-n-mFU5dz-1PXsUl5LlZG0dlQHjb5n89HrxtKD5-mg==@com.spotify.music/,moehassan6832@gmail.com,momo123toto6832,
,,login,com.spotify.music,,,0,android://QotUmCOk8wECGLJw24G43qMvkRXtz1iJijiDmCbtOl7Ohv55LE4NtHqrfJQOOWgiC7Ft_Mo2BSBw1uarLEgrlg==@com.spotify.music/,moehassan6832@gmail.com,momo123toto6832,
,,login,com.spotify.music,,,0,android://2Q82TiAojrruN4q56Ttwb9pRQAkZ73TAEh2r0iatwKG7k2pb9_aRB1c9XJKShM5Dyc-tFk3cdk7gxb7FTpaKrw==@com.spotify.music/,moehassan6832@gmail.com,momo123toto6832,
,,login,com.spotify.music,,,0,android://79xEc7TXh3cNp5rV9kci8i6AYyfPq8BmRomGIiNpLtXCAx3qy5RICnOQLbMJaQ1UNGV_N7sSK1dLpTmEZQ8csg==@com.spotify.music/,moehassan6832@gmail.com,momo123toto6832,
,,login,com.spotify.music,,,0,android://Sx4W5Zb885tfW5fDclwzTbXp30EpSY3MdTn4BvCuAqqnltY5cXfGzaMWjM2MIxaN-WN2ZPmJSX9AR2P7ke2Zaw==@com.spotify.music/,moehassan6832@gmail.com,momo123toto6832,
,,login,com.spotify.music,,,0,android://UhbMtiAExFNPNceArXxYL07lKDceJ9QVHwVTMl3pzL5rNOxCM_X2QHA1gQU6v-owOXcnLReVhwTYm3cRKSpFaQ==@com.spotify.music/,moehassan6832@gmail.com,momo123toto6832,
,,login,com.xiaomi.account,,,0,android://g7zGEnZipieE6ZyBA4Bz00kxU8h0F9QTwPLL-dnRVwngI0FJWJiD3rCEJsIQ_VK064SNdxzqggnnnAqT8LI89A==@com.xiaomi.account/,,momo123toto6832,
,,login,commission.academy,,,0,https://commission.academy/register.php,Mohamed Hassaan,tLH8HchCX9#UXHr,
,,login,commission.academy,,,0,https://commission.academy/register.php,Mohamed_Hassan_,tLH8HchCX9#UXHr,
,,login,competition.gpseducation.com,,,0,https://competition.gpseducation.com/register,Youssef hassan,youssefHassan123###,
,,login,connect.appen.com,,,0,https://connect.appen.com/qrp/v2/services/onboarding/sign-up,MDHD6832@GMAIL.COM,d_Ee+9DnJ7Dwzzm,
,,login,connect.appen.com,,,0,https://connect.appen.com/qrp/core/vendors/esign/view/company_confidentiality_agreement/26ef15a8518421dd448c66565a8a4f58,MDHn6832@GMAIL.COM,d_Ee+9DnJ7Dwzzm,
,,login,crackwatch.com,,,0,https://crackwatch.com/signup,Pro_Mo7amed,momo123toto6832,
,,login,cronometer.com,,,0,https://cronometer.com/signup/,moehassan6832@gmail.com,e8uP96UX7?%uyPC,
,,login,cronometer.com,,,0,https://cronometer.com/signup/,promo7amed0@gmail.com,momo123toto6832,
,,login,cs.rin.ru,,,0,https://cs.rin.ru/forum/ucp.php,ADADADADADAADADA,24xXf*D3F96$_fw,
,,login,cs.rin.ru,,,0,https://cs.rin.ru/forum/ucp.php,mohamed,24xXf*D3F96$_fw,
,,login,cses.fi,,,0,https://cses.fi,MohamedHassan683,6dSZhcqBy9aDWXu,
,,login,customer.swvl.io,,,0,android://fBTxNoAvGUjY17ZbCcy1kJpeVtIjB3jVn56vCcVIoy70-io5DlMT7apCAyZeB2dxsFN_mV2Z7rhPEchnJQ0ZwA==@io.swvl.customer/,Mohamed Hassan ,ehbvBAPt54X_-5C,
,,login,dash.cloudflare.com,,,0,https://dash.cloudflare.com,mdhn6832@gmail.com,momo123toto6832@,
,,login,deci-l3.slack.com,,,0,https://deci-l3.slack.com,Mohamed Hassan Mohamed,AlicePerres123,
,,login,deci.gov.eg,,,0,https://deci.gov.eg,mdhn6832@gmail.com,momo123toto6832,
,,login,deci.gov.eg,,,0,https://deci.gov.eg/Account/Login,mdhn6832@gmail.com,eMPZTs_9jxd#,
,,login,di.gov.eg,,,0,https://di.gov.eg/signin,01552581850,AlicePerres123,
,,login,di.gov.eg,,,0,https://di.gov.eg/signin,01556066552,Wf)+$fKDD5FzjMA,
,,login,di.gov.eg,,,0,https://di.gov.eg/forget-password,hassanafify123@hotmail.com,Wf)+$fKDD5FzjMA,
,,login,discord.com,,,0,https://discord.com,mdhn6832@gmail.com,AlicePerres123,
,,login,discord.com,,,0,https://discord.com/login,moehassan6832@gmail.com,momo123toto6832,
,,login,discordapp.com,,,0,https://discordapp.com/register,promo7amed,momo123toto6832,
,,login,distrokid.com,,,0,https://distrokid.com/signup/,moehassan6832@gmail.com,y*-P3PcYhnFejW?,
,,login,edmodo.fusionprojects.com,,,0,android://wLWdWCGB19J-0TMPNVO7aglKHPEvOXiXXOxzitPezzfREMAftoZW4KCUwfMdJ9fLDH8o5Eza-N8XeXkzd07kvg==@com.fusionprojects.edmodo/,mar465950167,momo123toto6832,
,,login,edmodo.fusionprojects.com,,,0,android://wLWdWCGB19J-0TMPNVO7aglKHPEvOXiXXOxzitPezzfREMAftoZW4KCUwfMdJ9fLDH8o5Eza-N8XeXkzd07kvg==@com.fusionprojects.edmodo/,moe446758746,momo123toto6832,
,,login,edmodo.fusionprojects.com,,,0,android://wLWdWCGB19J-0TMPNVO7aglKHPEvOXiXXOxzitPezzfREMAftoZW4KCUwfMdJ9fLDH8o5Eza-N8XeXkzd07kvg==@com.fusionprojects.edmodo/,moe455309805,momo123toto6832,
,,login,edmodo.fusionprojects.com,,,0,android://wLWdWCGB19J-0TMPNVO7aglKHPEvOXiXXOxzitPezzfREMAftoZW4KCUwfMdJ9fLDH8o5Eza-N8XeXkzd07kvg==@com.fusionprojects.edmodo/,moe465950167,momo123toto6832,
,,login,eg.gov.tra,,,0,android://iITkLZivJL58J5nIwwAW8lKuPKQPm0oz8DyFadzLxXopI-c5Lj3CjUNe-i-E3M6QqNp-_yw1zOsSqcmrvv8DIA==@eg.gov.tra/,moehassan6832@gmail.com,Momo123Toto6832#,
,,login,egyptinnovate.com,,,0,https://egyptinnovate.com/en/user/register,moehassan6832@gmail.com,5B64aP5uHvEwQ*2,
,,login,emby.media,,,0,https://emby.media/community/index.php,MohamedHassan,AlicePerres123,
,,login,eu.account.battle.net,,,0,https://eu.account.battle.net/creation/flow/patch,,w2iEbrLCF2Uds5w,
,,login,eu.recovery.riotgames.com,,,0,https://eu.recovery.riotgames.com/en/forgot-password/eyJzdWIiOiJhZWE2Yjg2MC05YjI5LTVkNDktOTI0Mi02MTk3ZWZkZTc0ODciLCJyZWdpb24iOiJFVU4xIiwiaW5pdGlhdG9yIjoiUExBWUVSIiwiZXhwIjoxNTY1OTcxNTkxLCJpYXQiOjE1NjU4ODUxOTF9.QUxE-aaLYfWz1PDp7tTM6LHs5W-JLgcBY6SfaZN0T90,ProMo7amed6832,momo123toto6832,
,,login,facebook.com,,,0,https://www.facebook.com,mdhn6832@gmail.com,AlicePerres123,
,,login,github.com,,,0,https://github.com,mdhn6832@gmail.com,AlicePerres123,
,,login,github.com,,,0,https://github.com/signup,Moe-Hassan-123,AlicePerres123,
,,login,github.com,,,0,https://github.com/join,mohamed-hassan-6832,momo123toto6832,
,,login,global.mobile.appen.com,,,0,android://YZld2fjuH6IzsN4RYAYhqApwmdVuwBkDosttjqShdD9w0lGt5blm0nnUICl9W7Ncs9vSHdGWCFpw8SkPpXlUpA==@com.appen.mobile.global/,MDHN6832@gmail.com,d_Ee+9DnJ7Dwzzm,
,,login,global.mobile.appen.com,,,0,android://YZld2fjuH6IzsN4RYAYhqApwmdVuwBkDosttjqShdD9w0lGt5blm0nnUICl9W7Ncs9vSHdGWCFpw8SkPpXlUpA==@com.appen.mobile.global/,mdhn6832@gmail.com,d_Ee+9DnJ7Dwzzm,
,,login,healthyminds.com,,,0,android://mlqK0bb1uI7quVoVSg-Jt6nMeDJ5Uez-lU1GS3VVQxl0PhiPQxnYWiv1aPvJPfTzVn-cSVTdGVf_cIJ8fwmWHg==@com.healthyminds/,moehassan6832@gmail.com,N980--J$lC0z7eb,
,,login,highpaying.net,,,0,https://highpaying.net/landingone/,moehassan6832@gmail.com,momo123toto6832,
,,login,hiresine.com,,,0,https://hiresine.com/application-form/,moehassan,9Qy6_x6uQB_AYUU,
,,login,icpc.global,,,0,https://icpc.global,mdhn6832@gmail.com,AlicePerres123@,
,,login,icpc.global,,,0,https://icpc.global/login,mdhn6832@gmail.com,AlicePerres@123,
,,login,identity.appen.com,,,0,https://identity.appen.com/auth/realms/QRP/protocol/openid-connect/auth,MDHn6832@GMAIL.COM,d_Ee+9DnJ7Dwzzm,
,,login,instagram.com,,,0,https://www.instagram.com,,yiWifY5XA6LdKxc,
,,login,io.swvl.customer,,,0,android://fBTxNoAvGUjY17ZbCcy1kJpeVtIjB3jVn56vCcVIoy70-io5DlMT7apCAyZeB2dxsFN_mV2Z7rhPEchnJQ0ZwA==@io.swvl.customer/,Mohamed Hassan ,ehbvBAPt54X_-5C,
,,login,katana.facebook.com,,,0,android://zQxb6hXv1MJiC1Yyotdhi8HP-y7fwPcOLwPOWTwWKpP2VXcbsuIiI4iJ1KV0Dz3LzVsUuKJmYCBIUAxnsPB9FA==@com.facebook.katana/,AEb4eqvOa3hp!8R,AEb4eqvOa3hp!8R,
,,login,kempinski.taleo.net,,,0,https://kempinski.taleo.net/careersection/iam/accessmanagement/login.jsf,Mohamed6832,PQ_*xvVSB5TByev,
,,login,learndigital.withgoogle.com,,,0,https://learndigital.withgoogle.com/digitalskills/sign-in,moehassan6832@gmail.com,9%/b4_s3p.K6r&G,
,,login,leetcode.com,,,0,https://leetcode.com,mdhn6832@gmail.com,AlicePerres123,
,,login,leetcode.com,,,0,https://leetcode.com/accounts/password/reset/key/3wqsz-set-password/,mdhn6832@gmail.com,AlicePerres123,
,,login,lite.results.android.runtastic.com,,,0,android://OueXWS69sQ0dVEPQblyWg7gLBlVGVfNPoJFzuwZEo70w6tjNXJ2sipKX5md-RHGFvJ8hJYfKegMKw54YJCl0vw==@com.runtastic.android.results.lite/,mdhn6832@gmail.com,,
,,login,localhost,,,0,http://localhost:8096/web/index.html,Mohamed,1234,
,,login,localhost,,,0,http://localhost:8096/web/index.html,Mohamed Hassan,1234,
,,login,localhost,,,0,https://localhost/,Mohamed_Hassan_6832,momo123toto6832,
,,login,localhost,,,0,http://localhost/wordpress/wp-admin/install.php,mohamedhassan,7T)LtPFWaC10LOmGK2,
,,login,localhost:8096,,,0,http://localhost:8096/web/index.html,Mohamed,1234,
,,login,localhost:8096,,,0,http://localhost:8096/web/index.html,Mohamed Hassan,1234,
,,login,login.emis.gov.eg,,,0,https://login.emis.gov.eg/SSO/Saml2,446758746@cairo7.moe.edu.eg,Aliceperres123!,
,,login,login.live.com,,,0,https://login.live.com/login.srf,hassanafify123@hotmail.com,ZXCVBNMzxcvbnm@1234/,
,,login,login.live.com,,,0,https://login.live.com/login.srf,moehassan6832@gmail.com,Aliceperres!,
,,login,login.microsoftonline.com,,,0,https://login.microsoftonline.com,446758746@cairo7.moe.edu.eg,Aliceperres123!,
,,login,login.microsoftonline.com,,,0,https://login.microsoftonline.com/common/oauth2/v2.0/authorize,446758746@cairo7.moe.edu.eg,Alice1234#,
,,login,login.microsoftonline.com,,,0,https://login.microsoftonline.com/common/oauth2/v2.0/authorize,446758746@cairo7.moe.edu.eg,Aliceperres123!,
,,login,login.microsoftonline.com,,,0,https://login.microsoftonline.com/common/oauth2/authorize,446758746@cairo7.moe.edu.eg,Std#050512,
,,login,login.nvgs.nvidia.com,,,0,https://login.nvgs.nvidia.com/v1/create-account,mdhn6832@gmail.com,AlicePerres123,
,,login,login.opendns.com,,,0,https://login.opendns.com,mdhn6832@gmail.com,AlicePerres123#,
,,login,login.opendns.com,,,0,https://login.opendns.com/,mdhn6832@gmail.com,AlicePerres123#,
,,login,login.umbrella.com,,,0,https://login.umbrella.com,mdhn6832@gmail.com,AlicePerres123#,
,,login,luckyegypt.com,,,0,https://luckyegypt.com/SignUp,promo7amed0@gmail.com,momototo6832,
,,login,m.facebook.com,,,0,https://m.facebook.com/,,momo123toto6832,
,,login,m.facebook.com,,,0,https://m.facebook.com/login,youssefhassan6832@yahoo.com,youssefhassan###123456789,
,,login,mastercard.wd1.myworkdayjobs.com,,,0,https://mastercard.wd1.myworkdayjobs.com/CorporateCareers/login,mdhn6832@gmail.com,x2Ab!TvaAzT9Ptw,
,,login,mega.nz,,,0,https://mega.nz/confirmQ29uZmlybUNvZGVWMivwEi67AQABTDhgql5bMm1kaG42ODMyQGdtYWlsLmNvbQltb2hhbWVkIGhhc3NhbscMyH6B0WXz,mdhn6832@gmail.com,moehassan6832,
,,login,mega.nz,,,0,https://mega.nz/confirmQ29uZmlybUNvZGVWMqmue04MCgAKAI-oHj_KRW1vZWhhc3NhbjY4MzJAZ21haWwuY29tCU1vaGFtZWQgSGFzc2FuiqPjkPnPqGA,moehassan6832@gmail.com,AlicePerres123,
,,login,mega.privacy.android.app,,,0,android://pBmM_nO60893u4X7D-CanT76SomdRzEME86TJB9BGYmSJ9fDyuZ5RAw-Do1z4Ojw5T_uV-5fU4qvcGnyraIO2w==@mega.privacy.android.app/,mdhn6832@gmail.com,AlicePerres123,
,,login,mega.privacy.android.app,,,0,android://pBmM_nO60893u4X7D-CanT76SomdRzEME86TJB9BGYmSJ9fDyuZ5RAw-Do1z4Ojw5T_uV-5fU4qvcGnyraIO2w==@mega.privacy.android.app/,moehassan6832@gmail.com,AlicePerres123,
,,login,member.op.gg,,,0,https://member.op.gg/register/sign-up,promo7amed0@gmail.com,momo123toto6832,
,,login,member.op.gg,,,0,https://member.op.gg/,promo7amed0@gmail.com,momo123toto6832,
,,login,messenger.com,,,0,https://www.messenger.com,moehassan6832@gmail.com,AlicePerres123,
,,login,mirror.squadre.olinfo.it,,,0,https://mirror.squadre.olinfo.it/,egqual42,5jf3e4,
,,login,moocs.openenglishprograms.org,,,0,https://moocs.openenglishprograms.org/register/YkGG3bafGR70EOQ3y9AKYFkkQ,mdhn6832@gmail.com,AlicePerres123,
,,login,music.spotify.com,,,0,android://UhbMtiAExFNPNceArXxYL07lKDceJ9QVHwVTMl3pzL5rNOxCM_X2QHA1gQU6v-owOXcnLReVhwTYm3cRKSpFaQ==@com.spotify.music/,moehassan6832@gmail.com,momo123toto6832,
,,login,music.spotify.com,,,0,android://Sx4W5Zb885tfW5fDclwzTbXp30EpSY3MdTn4BvCuAqqnltY5cXfGzaMWjM2MIxaN-WN2ZPmJSX9AR2P7ke2Zaw==@com.spotify.music/,moehassan6832@gmail.com,momo123toto6832,
,,login,music.spotify.com,,,0,android://QotUmCOk8wECGLJw24G43qMvkRXtz1iJijiDmCbtOl7Ohv55LE4NtHqrfJQOOWgiC7Ft_Mo2BSBw1uarLEgrlg==@com.spotify.music/,moehassan6832@gmail.com,momo123toto6832,
,,login,music.spotify.com,,,0,android://xjy65zYgHXTtYOC6HyUtWYKC_qHWTbDuIwoegP7ywOJe-n-mFU5dz-1PXsUl5LlZG0dlQHjb5n89HrxtKD5-mg==@com.spotify.music/,moehassan6832@gmail.com,momo123toto6832,
,,login,music.spotify.com,,,0,android://79xEc7TXh3cNp5rV9kci8i6AYyfPq8BmRomGIiNpLtXCAx3qy5RICnOQLbMJaQ1UNGV_N7sSK1dLpTmEZQ8csg==@com.spotify.music/,moehassan6832@gmail.com,momo123toto6832,
,,login,music.spotify.com,,,0,android://2Q82TiAojrruN4q56Ttwb9pRQAkZ73TAEh2r0iatwKG7k2pb9_aRB1c9XJKShM5Dyc-tFk3cdk7gxb7FTpaKrw==@com.spotify.music/,moehassan6832@gmail.com,momo123toto6832,
,,login,my.te.eg,,,0,https://my.te.eg/user/signup,0227079381,X33yZ*pRHMJW2Bk,
,,login,my.te.eg,,,0,https://my.te.eg/user/login,0227079381,X33yZ*pRHMJW2Bk,
,,login,my.te.eg,,,0,https://my.te.eg/,01556066552,egypt1234,
,,login,myservices.android.emeint.com,,,0,android://rxBiaQvAoo69D26I22HxqarYLWhKUCjDmWhCDYnw9O-_jbTblx1gR69COCxpz3RY6XyxUU_xGRgrK2A-lhuhuQ==@com.emeint.android.myservices/,01012285773,momo123toto6832,
,,login,nawaracademy.com,,,0,https://nawaracademy.com/register/,MohamedHassan6832,3vkgSgJGe.3NB8M,
,,login,new.edmodo.com,,,0,https://new.edmodo.com/student-signup,mariem465950167,momo123toto6832,
,,login,new.edmodo.com,,,0,https://new.edmodo.com/login,moe446758746,momo123toto6832,
,,login,new.edmodo.com,,,0,https://new.edmodo.com/login,moe455309805,momo123toto6832,
,,login,new.edmodo.com,,,0,https://new.edmodo.com/login,moe465950167,momo123toto6832,
,,login,new.edmodo.com,,,0,https://new.edmodo.com/student-signup,Mohamed_hassan_7,toto6832momo123,
,,login,new.edmodo.com,,,0,https://new.edmodo.com/student-signup,Mohamed_hassan_65,momo123toto6832,
,,login,nhentai.net,,,0,https://nhentai.net/register/,kokokokoko,Mn@b5i?Zg4Y*+aT,
,,login,nhentai.net,,,0,https://nhentai.net/register/,kokokokoko123,5dKay*RGStP*5t4,
,,login,obsidian.md,,,0,https://obsidian.md,moehassan6832@gmail.com,momo123toto6832,
,,login,office365.emis.gov.eg,,,0,https://office365.emis.gov.eg/,mdhn6832@gmail.com,Alice1234#,
,,login,onlinebookclub.org,,,0,https://onlinebookclub.org/create-login.php,Hassan,KVZgbg#XjbrV6ag,
,,login,orca.facebook.com,,,0,android://zQxb6hXv1MJiC1Yyotdhi8HP-y7fwPcOLwPOWTwWKpP2VXcbsuIiI4iJ1KV0Dz3LzVsUuKJmYCBIUAxnsPB9FA==@com.facebook.orca/,moehassan6832@gmail.com,AlicePerres123,
,,login,osu.ppy.sh,,,0,https://osu.ppy.sh/beatmapsets/964675,moehassan35,momo123toto6832,
,,login,panelist.cint.com,,,0,https://panelist.cint.com/%7B%22panelGuid%22:%22ffc17e4b-81a2-4b07-bcb1-90d8d49d5996%22,%22isIframe%22:true%7D/welcome/register,moehassan6832@gmail.com,
,,login,panelist.cint.com,,,0,"https://panelist.cint.com/%7B%22panelGuid%22:%22ffc17e4b-81a2-4b07-bcb1-90d8d49d5996%22,%22isIframe%22:true%7D/welcome/register",moehassan6832@gmail.com,"Xkv%7w,PVrKrFZ6",
,,login,passport.amazon.jobs,,,0,https://passport.amazon.jobs/createaccount,MDHn6832@GMAIL.COM,CnG5t_FBGseBn!@,
,,login,passport.yandex.com,,,0,https://passport.yandex.com/registration,moehassan6832,LtN@xiKE9YXNdnV,
,,login,pbesignup.na.leagueoflegends.com,,,0,https://pbesignup.na.leagueoflegends.com/en_US/pbe,moehassan9559,momo123toto6832,
,,login,pcpartpicker.com,,,0,https://pcpartpicker.com/accounts/register/,Mohamed90909096,momo123toto6832,
,,login,plarium.com,,,0,https://plarium.com/landings/en/vikings/top_s,moe,momototo,
,,login,plarium.com,,,0,https://plarium.com/landings/en/desktop/raid/pc_galek_001,Moe,vAf$i@KcN_b4FEE,
,,login,plarium.com,,,0,https://plarium.com/landings/en/desktop/raid/pc_galek_001,moehassan6832@gmail.com,vAf$i@KcN_b4FEE,
,,login,pornhub.com,,,0,https://www.pornhub.com,Moehassan6832,SA4?2gphE?ZchGZ,
,,login,prizat.com,,,0,https://prizat.com/register,moehassan6832@gmail.com,Zg$VGwZ75j7Kw#7,
,,login,reddit.com,,,0,https://www.reddit.com/login/?dest=https%3A%2F%2Fwww.reddit.com%2Fsettings%2Faccount,moe_hassan_6832,AlicePerres123,
,,login,satorify.io,,,0,https://satorify.io/become-a-member,mohamed hassan,7kv$2XpvhP88wN_,
,,login,satorify.io,,,0,https://satorify.io/become-a-member,mohamed_hassan,7kv$2XpvhP88wN_,
,,login,secure.dc3.pageuppeople.com,,,0,https://secure.dc3.pageuppeople.com/apply/619/aw/applicationForm/personalDetails.asp,mdhn6832@gmail.com,#Twak*RW.KwX2tt,
,,login,signup.eune.leagueoflegends.com,,,0,https://signup.eune.leagueoflegends.com/en/signup/index,moehassan6832,momo123toto6832,
,,login,signup.eune.leagueoflegends.com,,,0,https://signup.eune.leagueoflegends.com/en/signup/index,promo7amed0,momo123toto6832,
,,login,signup.eune.leagueoflegends.com,,,0,https://signup.eune.leagueoflegends.com/en/signup/index,promo7amed0@gmail.com,MOMO123TOTO6832,
,,login,signup.eune.leagueoflegends.com,,,0,https://signup.eune.leagueoflegends.com/en/signup/index,ProMo7amed6832,MOMO123TOTO6832,
,,login,signup.eune.leagueoflegends.com,,,0,https://signup.eune.leagueoflegends.com/en/signup/index,SoloCarry123,momo123toto6832,
,,login,signup.euw.leagueoflegends.com,,,0,https://signup.euw.leagueoflegends.com/en/signup/index,promo7amed0,momo123toto6832,
,,login,signup.euw.leagueoflegends.com,,,0,https://signup.euw.leagueoflegends.com/en/signup/index,Promohamed6832,momo123toto6832,
,,login,signup.heroku.com,,,0,https://signup.heroku.com/confirm,,3`@Yw;xk#5'mJcT,
,,login,signup.live.com,,,0,https://signup.live.com/,mdhn6832@gmail.com,(7F}`k?TWE`$9*c,
,,login,skyid.sky.com,,,0,https://skyid.sky.com/signup/skycom/7b613a2768747470733a2f2f7777772e736b792e636f6d2f77617463682f7469746c652f7365726965732f66616431633737642d643363352d343934392d386339382d6666353332393632656634372f7468652d626c61636b6c6973742f657069736f6465732f736561736f6e2d352f657069736f64652d3137272c623a2768747470733a2f2f7777772e736b792e636f6d2f77617463682f7469746c652f7365726965732f66616431633737642d643363352d343934392d386339382d6666353332393632656634372f7468652d626c61636b6c6973742f657069736f6465732f736561736f6e2d352f657069736f64652d3137277d,moehassan6832@gmail.com,?Q4Gb6WLSqfv$x%,
,,login,spacespeak.com,,,0,https://spacespeak.com/Account/Register,mohamedHassan,r9!4PiqXAbt3TCV,
,,login,spoj.com,,,0,https://www.spoj.com,moehassan6832,iSDKWK6QT73YzM8,
,,login,stcplay.gg,,,0,https://stcplay.gg/aboflah,Youssef2737,YousseF2737###,
,,login,store.steampowered.com,,,0,https://store.steampowered.com/login/,moe_hassan6832,AlicePerres123,
,,login,store.steampowered.com,,,0,https://store.steampowered.com/join/completesignup,Moehassan6832,momo123toto6832,
,,login,streamer.mist-net.com,,,0,http://streamer.mist-net.com/MistStreamer/login.aspx,,TESTTEST,
,,login,study.com,,,0,https://study.com/academy/get-started.html,,zET%_4a9DAB9Q$y,
,,login,teenss1.acpc.global,,,0,http://teenss1.acpc.global,team8643,H63B2CJNJN,
,,login,teenss1.acpc.global,,,0,http://teenss1.acpc.global/,team8643,H63B2CJNJN,
,,login,tickerchart.com,,,0,https://tickerchart.com/m/w/signin,hassanafify,egypt123,
,,login,tlauncher.org,,,0,https://tlauncher.org/en/reg/,moehassan6832@gmail.com,d+e6.4s^!g4x9R5,
,,login,tra.gov.eg,,,0,android://iITkLZivJL58J5nIwwAW8lKuPKQPm0oz8DyFadzLxXopI-c5Lj3CjUNe-i-E3M6QqNp-_yw1zOsSqcmrvv8DIA==@eg.gov.tra/,moehassan6832@gmail.com,Momo123Toto6832#,
,,login,tv.twitch.android.app,,,0,android://dKranQB7c5H2WKHJF5rygyRh5-vrf7ZVODNX_XoJgJ5YncxgwK7vbH1kZrYCLmv68MEawe5nFA-sfKQk9mrbFQ==@tv.twitch.android.app/,randomuser6832,momo123toto6832,
,,login,twitter.com,,,0,https://twitter.com/,BENJI08492090,momo123toto6832,
,,login,twitter.com,,,0,https://twitter.com/i/flow/signup,mohamed01337948,momo123toto6832,
,,login,udemy.com,,,0,,mdhn6832@gmail.com,momo123toto6832,
,,login,ui.appen.com.cn,,,0,https://ui.appen.com.cn/user/register,MDHn6832@GMAIL.COM,.mPU=+8QeU2J_!2,
,,login,ums.timeshighereducation.com,,,0,https://ums.timeshighereducation.com/user/register,,8deRBCaYmnTY5KL,
,,login,ums.timeshighereducation.com,,,0,https://ums.timeshighereducation.com/user/register,moehassan6832,CQPwFb45@9fBDv?,
,,login,us.piratestorm.com,,,0,https://us.piratestorm.com/,dadwaddwdasdasdadw,v$P/2ED#g?.Rvsm,
,,login,us.piratestorm.com,,,0,https://us.piratestorm.com/,mohamed,v$P/2ED#g?.Rvsm,
,,login,usaco.org,,,0,http://www.usaco.org/index.php?page=editaccount,mdhn6832@gmail.com,cfa8e57,
,,login,usaco.org,,,0,http://www.usaco.org/index.php,MohamedHassan6832,cfa8e57,
,,login,users.nexusmods.com,,,0,https://users.nexusmods.com/auth,moehassan,eYePX;+2[?*9ubT,
,,login,users.nexusmods.com,,,0,https://users.nexusmods.com/auth/sign_up,mohamed,BtF@nr[JAmWs6@r,
,,login,vjudge.net,,,0,https://vjudge.net,mdhn6832@gmail.com,gYaB77Y5bFQUiWh,
,,login,whattomine.com,,,0,https://whattomine.com/users/sign_up,moehassan6832@gmail.com,5sZqe*NjdL3?6ac,
,,login,workhub.transcribeme.com,,,0,https://workhub.transcribeme.com/Account/Register,moehassan6832@gmail.com,%n6JfhbnGa6ccp5,
,,login,writers.steadycontent.com,,,0,https://writers.steadycontent.com/registration/register.aspx,moehassan6832@gmail.com,*@!kMad_!6iP3J7,
,,login,www.allrecipes.com,,,0,https://www.allrecipes.com/account/signup/,moehassan6832@gmail.com,4r$B4G9%m4DA2J7,
,,login,www.amazon.co.uk,,,0,https://www.amazon.co.uk/ap/register,moehassan6832@gmail.com,6M=XWu)k.XAu%4A,
,,login,www.amazon.com,,,0,https://www.amazon.com/ap/signin,+20 1552581850,a-.AgC#w58ML?C7,
,,login,www.amazon.com,,,0,https://www.amazon.com/ap/signin,joeook8@gmail.com,!WbBbq/CK9.dCHE,
,,login,www.amazon.de,,,0,https://www.amazon.de/ap/signin,joeook8@gmail.com,!WbBbq/CK9.dCHE,
,,login,www.amazon.eg,,,0,https://www.amazon.eg/ap/register,joeook8@gmail.com,!WbBbq/CK9.dCHE,
,,login,www.amazon.eg,,,0,https://www.amazon.eg/,mdhn6832@gmail.com,AlicePerres123,
,,login,www.bayt.com,,,0,https://www.bayt.com/en/register-j/applicant-register/,MDHN6832@gmail.com,/T6G3pMdDW_e6uB,
,,login,www.bayt.com,,,0,https://www.bayt.com/en/register-j/applicant-register/,mdhn6832@gmail.com,w+58c8mjHS&mJqu,
,,login,www.certiport.com,,,0,https://www.certiport.com/portal/Pages/ChangePassword.aspx,Mohamed52005,Noice123,
,,login,www.credly.com,,,0,https://www.credly.com/badges/c2a69ab1-d9f0-4a50-94ad-c0e28503e7fb/accept_via_sign_up,30408100103544,اية خالد حسن حسن شلبي,
,,login,www.credly.com,,,0,https://www.credly.com/badges/c2a69ab1-d9f0-4a50-94ad-c0e28503e7fb/accept_via_sign_up,m...2@gmail.com,"ZjTV,u_nF7K*De2",
,,login,www.credly.com,,,0,https://www.credly.com/users/sign_in,moehassan6832@gmail.com,"ZjTV,u_nF7K*De2",
,,login,www.debi.gov.eg,,,0,https://www.debi.gov.eg/Account/ActivateAccount,,c@Kd5e6GR4KZ,
,,login,www.deviantart.com,,,0,https://www.deviantart.com/_sisu/do/signup,dasgsah,s<xDx$gr5L=:&)<,
,,login,www.deviantart.com,,,0,https://www.deviantart.com/join/,moe5421,qc2suT!9PVLrW7k,
,,login,www.dropbox.com,,,0,https://www.dropbox.com/business/try,moehassan6832@gmail.com,momo123toto6832,
,,login,www.eactrading.com,,,0,https://www.eactrading.com/etrade/NewLogin.aspx,hm25877,النجاح,
,,login,www.ekb.eg,,,0,https://www.ekb.eg/en/web/students/home,,iZ-4rrugs8W-_pW,
,,login,www.facebook.com,,,0,https://www.facebook.com/masking,hassanafify123@hotmail.com,shoshohassan1234/,
,,login,www.freelancer.com,,,0,https://www.freelancer.com/reset-user-password,,zCCgg+M23pkn8/e,
,,login,www.freelancer.com,,,0,https://www.freelancer.com/signup,mdhn6832@gmail.com,AlicePerres123,
,,login,www.freelancer.com,,,0,https://www.freelancer.com/signup,mdhn6832@gmail.com,jkVjKG7EKFdyTy6,
,,login,www.hackerearth.com,,,0,https://www.hackerearth.com/challenges/competitive/oppo-inspiration-cup/,mdhn6832@gmail.com,AlicePerres123,
,,login,www.honestbrokerage.com,,,0,https://www.honestbrokerage.com/NewPassword.aspx,pjxr71224,SHOSHOhassan123/,
,,login,www.instagram.com,,,0,https://www.instagram.com/,mo7amed_7asnn,momo123toto6832,
,,login,www.instagram.com,,,0,https://www.instagram.com/accounts/emailsignup/,Moe_Hassan_6832,momo123toto6832,
,,login,www.instagram.com,,,0,https://www.instagram.com/,moehassan6832@gmail.com,x4@4$!A27azgnEr,
,,login,www.instagram.com,,,0,https://www.instagram.com/accounts/login/,moehassan6832@gmail.com,x4@4$!A27azgnEr,
,,login,www.instagram.com,,,0,https://www.instagram.com/C9bunnyfufuu/,promo7amed0@gmail.com,momo123toto6832,
,,login,www.linkedin.com,,,0,https://www.linkedin.com/signup/cold-join,mdhn6832@gmail.com,cPc58ca7NRMM%bN,
,,login,www.mediafire.com,,,0,https://www.mediafire.com/upgrade/registration.php,mdhn6832@gmail.com,momo1234toto6832,
,,login,www.mpgh.net,,,0,https://www.mpgh.net/forum/profile.php,promo7amed0@gmail.com,momo123toto6832,
,,login,www.mpgh.net,,,0,https://www.mpgh.net/,promohamed0,momo123toto6832,
,,login,www.mubasher.info,,,0,https://www.mubasher.info/account/login,hassanafify123@hotmail.com,egypt123,
,,login,www.netflix.com,,,0,https://www.netflix.com/signup/regform,moehassan6832@gmail.com,3Wt4SikdHdQvXMr,
,,login,www.paypal.com,,,0,https://www.paypal.com/eg/welcome/signup/,,%3CHywyS)YYzf*p,
,,login,www.paypal.com,,,0,https://www.paypal.com/eg/signin,MDHN6832@gmail.com,8ZEL6674BGvQ*%K,
,,login,www.peopleperhour.com,,,0,https://www.peopleperhour.com/site/register,mdhn6832@gmail.com,@$SNL4W.2K-2Yay,
,,login,www.pornhub.com,,,0,https://www.pornhub.com/login,Moehassan6832,SA4?2gphE?ZchGZ,
,,login,www.priceless.com,,,0,https://www.priceless.com/entertainment/product/162657/1380-rp-bundle-hour-3,moehassan6832@gmail.com,FAP2wsX76q.f.*y,
,,login,www.proguides.com,,,0,https://www.proguides.com/register,promo7amed0@gmail.com,momo123toto6832,
,,login,www.projectmanager.com,,,0,https://www.projectmanager.com/freetrial,moehassan6832@gmail.com,PQ4D!Z5VVu_9x#A,
,,login,www.reddit.com,,,0,https://www.reddit.com/register/,moe_hassan_,momo123toto6832,
,,login,www.reddit.com,,,0,https://www.reddit.com/,moehassan6832,K?vgFv5b*(HzyAe,
,,login,www.reddit.com,,,0,https://www.reddit.com/register/,mohamed hassan,momo123toto6832,
,,login,www.reddit.com,,,0,https://www.reddit.com/settings/,Mohamed_Dev_6832,BBqyxZhYm9F5c2,
,,login,www.reddit.com,,,0,https://www.reddit.com/register/,Pro_Mo7amed,momo123toto6832,
,,login,www.reddit.com,,,0,https://www.reddit.com/register/,unkillable_demon,momo123toto6832,
,,login,www.securimembers.com,,,0,https://www.securimembers.com/,moehassan6832@gmail.com,Y6Cfw/*GGM%m?4T,
,,login,www.sigma-cap.com,,,0,https://www.sigma-cap.com/main/x_logon_ar.logon_page,hassanmo,EGYPTmyms123,
,,login,www.sigma-capital.com,,,0,http://www.sigma-capital.com/main/x_logon_ar.logon_page,hassanmo,egypt12345,
,,login,www.sigma-capital.com,,,0,http://www.sigma-capital.com/main/x_logon_ar.logon_page,hassanmo,EGYPTmyms123,
,,login,www.sparkpeople.com,,,0,https://www.sparkpeople.com/myspark/register.asp,MOHAMED26,momo123toto6832,
,,login,www.swagbucks.com,,,0,https://www.swagbucks.com/,MDHn6832@GMAIL.COM,cTD))@&H-45*Tpf,
,,login,www.swagbucks.com,,,0,https://www.swagbucks.com/g/paid-surveys,moehassan6832@gmail.com,momo123toto,
,,login,www.ta3limy.com,,,0,https://www.ta3limy.com/register,01129326927,9Sw5UdXks5$QNUT,
,,login,www.teacheron.com,,,0,https://www.teacheron.com/login.html,mdhn6832@gmail.com,jLMq$*gW?GG#V4m,
,,login,www.tickerchart.com,,,0,https://www.tickerchart.com/m/w/users/new,hassanafify,egypt123,
,,login,www.tickerchart.com,,,0,https://www.tickerchart.com/m/w/users/new,MohamedHassan6832,-M6bDd3-iRD8Ssx,
,,login,www.tickerchart.net,,,0,https://www.tickerchart.net/app/ar,hassanafify,egypt123,
,,login,www.tickerchart.net,,,0,https://www.tickerchart.net/app/ar,MohamedHassan6832,-M6bDd3-iRD8Ssx,
,,login,www.torn.com,,,0,https://www.torn.com/click-link.php,promo7amed0@gmail.com,momo123toto6832,
,,login,www.torn.com,,,0,https://www.torn.com/register/,unkillabledemon,momo123toto6832,
,,login,www.torrenting.org,,,0,https://www.torrenting.org/sign-up,Mohamedhassa,8i@728v4h*HP829,
,,login,www.twitch.tv,,,0,https://www.twitch.tv/rakin,moe_hassan6832,momo123toto6832,
,,login,www.twitch.tv,,,0,https://www.twitch.tv/rakin,moe_hasssan6832,momo123toto6832,
,,login,www.twitch.tv,,,0,https://www.twitch.tv/leagueoffixel,pro_mo7amed,.].P+kChW@$Z9#[,
,,login,www.twitch.tv,,,0,https://www.twitch.tv/,randomuser6832,momo123toto6832,
,,login,www.tycoonegypt.com,,,0,https://www.tycoonegypt.com/NewLogin.aspx,va3855,ZXCVBNMzxcvbnm@1234/,
,,login,www.unknowncheats.me,,,0,https://www.unknowncheats.me/forum/register.php,moehassan,"9,?m6,W9iWYr&pJ",
,,login,www.upwork.com,,,0,https://www.upwork.com/nx/signup/,mdhn6832@gmail.com,D9i&.F*PaQu-5gS,
,,login,xiaomi.eu,,,0,https://xiaomi.eu/community/,mohamed hassan,k3sLZAiBsdMyHQW,
,,login,xiaomi.eu,,,0,https://xiaomi.eu/community/register/,mohamed hassan 6832,k3sLZAiBsdMyHQW,
,,login,zombiesrunclient.sixtostart.com,,,0,android://QRTpk_U5ZwilVuNxkZ5TRK1TpAOIJK9PngWthTJ44Yn7B3w3W1XArcq9fzd_287CyNEHYc6Q3pyejhSijik1mQ==@com.sixtostart.zombiesrunclient/,moh,momo123toto6832,
